62.0137299771167,52.8604118993135,28.8329519450801,29.7482837528604,7.55148741418764,11.5560640732265,19.7940503432494,19.6796338672769,13.2723112128146,20.2517162471396,19.7940503432494,26.3157894736842,19.7940503432494,16.7048054919908,16.1327231121281,27.3455377574371,26.8878718535469,17.6201372997712,23.4553775743707,24.141876430206,17.9633867276888,17.0480549199085,20.3661327231121,18.1922196796339,21.395881006865,21.395881006865,25.1716247139588,28.0320366132723,25.5148741418764,21.395881006865,29.1762013729977,29.8627002288329,27.9176201372998,36.8421052631579,29.6338672768879,28.2608695652174,29.6338672768879,28.9473684210526,31.5789473684211,29.0617848970252,32.1510297482838,32.837528604119,31.4645308924485,35.9267734553776,36.8421052631579,34.8970251716247,37.7574370709382,34.6681922196796,30.8924485125858
59.8398169336384,58.3524027459954,27.4599542334096,27.9176201372998,14.9885583524027,19.2219679633867,18.8787185354691,16.9336384439359,19.5652173913043,18.8787185354691,20.2517162471396,16.8192219679634,20.137299771167,15.675057208238,16.3615560640732,16.3615560640732,20.0228832951945,22.9977116704806,19.7940503432494,25.0572082379863,20.137299771167,20.5949656750572,17.7345537757437,16.8192219679634,19.6796338672769,29.6338672768879,21.395881006865,31.2356979405034,21.5102974828375,26.4302059496567,29.2906178489703,26.3157894736842,31.8077803203661,35.3546910755149,28.4897025171625,33.4096109839817,34.324942791762,28.604118993135,35.3546910755149,33.0663615560641,33.9816933638444,33.8672768878719,30.2059496567506,30.7780320366133,31.1212814645309,35.812356979405,34.7826086956522,30.091533180778,34.7826086956522
51.487414187643,55.720823798627,14.3020594965675,12.8146453089245,15.675057208238,11.441647597254,15.2173913043478,28.604118993135,38.7871853546911,13.2723112128146,19.7940503432494,14.7597254004577,28.1464530892449,15.675057208238,16.3615560640732,24.9427917620137,16.8192219679634,17.6201372997712,17.6201372997712,16.8192219679634,20.137299771167,17.0480549199085,21.1670480549199,24.370709382151,20.5949656750572,29.5194508009153,25.5148741418764,21.5102974828375,21.2814645308924,28.604118993135,28.3752860411899,22.1967963386728,34.8970251716247,28.1464530892449,25.0572082379863,28.7185354691076,31.6933638443936,25.0572082379863,28.604118993135,35.58352402746,29.2906178489703,29.4050343249428,35.0114416475973,35.6979405034325,35.9267734553776,34.7826086956522,39.4736842105263,43.0205949656751,34.324942791762
60.0686498855835,54.233409610984,20.3661327231121,27.8032036613272,7.78032036613272,13.8443935926773,24.5995423340961,18.9931350114416,20.0228832951945,20.137299771167,22.9977116704806,19.1075514874142,20.0228832951945,21.0526315789474,17.2768878718535,31.8077803203661,16.8192219679634,20.0228832951945,17.0480549199085,19.7940503432494,25.5148741418764,24.2562929061785,24.4851258581236,17.8489702517162,17.7345537757437,25.1716247139588,21.395881006865,32.6086956521739,27.9176201372998,21.7391304347826,22.1967963386728,22.6544622425629,20.4805491990847,26.2013729977117,28.4897025171625,30.8924485125858,28.7185354691076,28.7185354691076,35.3546910755149,29.0617848970252,29.8627002288329,36.1556064073227,29.6338672768879,35.6979405034325,32.6086956521739,34.5537757437071,34.7826086956522,36.1556064073227,34.7826086956522
52.5171624713959,52.974828375286,12.5858123569794,20.4805491990847,7.66590389016018,15.7894736842105,19.7940503432494,21.0526315789474,20.2517162471396,20.137299771167,20.137299771167,23.2265446224256,24.370709382151,20.5949656750572,16.3615560640732,16.0183066361556,16.8192219679634,18.5354691075515,17.0480549199085,20.137299771167,17.6201372997712,17.0480549199085,20.5949656750572,20.9382151029748,20.0228832951945,24.370709382151,28.3752860411899,27.5743707093822,32.0366132723112,22.1967963386728,21.395881006865,27.6887871853547,32.2654462242563,28.3752860411899,25.5148741418764,33.6384439359268,33.2951945080092,35.3546910755149,28.8329519450801,28.8329519450801,29.1762013729977,31.0068649885584,31.2356979405034,33.8672768878719,39.4736842105263,35.812356979405,37.4141876430206,32.837528604119,34.324942791762
60.0686498855835,56.1784897025172,26.6590389016018,20.137299771167,7.55148741418764,11.441647597254,11.7848970251716,19.5652173913043,12.2425629290618,19.5652173913043,20.3661327231121,20.7093821510297,15.2173913043478,15.675057208238,17.162471395881,16.0183066361556,16.9336384439359,24.9427917620137,16.9336384439359,16.8192219679634,17.162471395881,20.8237986270023,25.5148741418764,17.7345537757437,17.162471395881,20.137299771167,21.6247139588101,28.9473684210526,29.0617848970252,21.7391304347826,21.395881006865,27.8032036613272,35.3546910755149,28.4897025171625,25.629290617849,28.604118993135,25.9725400457666,28.9473684210526,28.604118993135,24.9427917620137,35.4691075514874,34.5537757437071,40.2745995423341,30.091533180778,29.2906178489703,34.4393592677346,34.2105263157895,31.6933638443936,34.4393592677346
56.0640732265446,54.6910755148741,14.3020594965675,22.3112128146453,15.3318077803204,18.649885583524,16.8192219679634,20.137299771167,20.7093821510297,14.7597254004577,19.6796338672769,27.3455377574371,15.1029748283753,22.4256292906178,20.4805491990847,24.0274599542334,23.9130434782609,27.116704805492,17.6201372997712,20.5949656750572,23.3409610983982,20.5949656750572,17.7345537757437,17.3913043478261,17.7345537757437,24.9427917620137,21.395881006865,27.9176201372998,22.5400457665904,21.7391304347826,21.395881006865,29.7482837528604,27.4599542334096,28.3752860411899,22.6544622425629,34.7826086956522,29.0617848970252,28.9473684210526,28.7185354691076,32.6086956521739,31.6933638443936,35.58352402746,35.1258581235698,33.8672768878719,28.4897025171625,28.604118993135,36.7276887871854,30.5491990846682,36.1556064073227
57.4370709382151,53.2036613272311,20.3661327231121,13.6155606407323,13.7299771167048,16.1327231121281,17.0480549199085,17.8489702517162,14.41647597254,19.7940503432494,29.5194508009153,20.0228832951945,20.0228832951945,20.2517162471396,20.0228832951945,16.2471395881007,20.4805491990847,16.9336384439359,17.5057208237986,16.8192219679634,17.162471395881,14.3020594965675,16.9336384439359,17.9633867276888,21.5102974828375,27.8032036613272,24.370709382151,22.0823798627002,21.5102974828375,23.2265446224256,28.7185354691076,28.4897025171625,29.1762013729977,25.629290617849,34.324942791762,28.604118993135,28.4897025171625,28.9473684210526,29.9771167048055,28.8329519450801,31.5789473684211,29.1762013729977,29.4050343249428,33.8672768878719,35.1258581235698,30.091533180778,30.4347826086957,36.9565217391304,34.5537757437071
58.9244851258581,54.8054919908467,14.3020594965675,19.5652173913043,15.4462242562929,11.5560640732265,18.9931350114416,23.1121281464531,20.2517162471396,19.908466819222,24.5995423340961,14.7597254004577,18.1922196796339,15.675057208238,19.5652173913043,19.7940503432494,16.8192219679634,17.6201372997712,27.116704805492,21.1670480549199,16.1327231121281,21.0526315789474,24.9427917620137,17.9633867276888,17.7345537757437,24.9427917620137,30.6636155606407,22.7688787185355,34.7826086956522,22.0823798627002,21.395881006865,24.2562929061785,28.9473684210526,31.4645308924485,28.4897025171625,28.9473684210526,28.4897025171625,28.9473684210526,32.1510297482838,29.0617848970252,28.9473684210526,32.0366132723112,32.7231121281465,34.4393592677346,35.3546910755149,35.58352402746,39.1304347826087,34.8970251716247,34.324942791762
59.8398169336384,58.2379862700229,19.3363844393593,21.8535469107551,14.8741418764302,20.8237986270023,22.7688787185355,20.0228832951945,12.8146453089245,12.4713958810069,19.5652173913043,14.7597254004577,15.2173913043478,19.6796338672769,19.7940503432494,20.3661327231121,20.0228832951945,26.2013729977117,17.6201372997712,17.6201372997712,17.162471395881,24.370709382151,17.7345537757437,21.8535469107551,21.1670480549199,27.9176201372998,23.4553775743707,20.9382151029748,20.8237986270023,22.0823798627002,28.1464530892449,28.0320366132723,27.4599542334096,28.3752860411899,28.2608695652174,28.604118993135,24.2562929061785,34.6681922196796,28.7185354691076,28.7185354691076,25.0572082379863,29.0617848970252,34.0961098398169,28.3752860411899,34.2105263157895,32.4942791762014,33.8672768878719,29.6338672768879,29.6338672768879
50.8009153318078,56.2929061784897,14.187643020595,13.6155606407323,7.55148741418764,22.883295194508,11.7848970251716,20.0228832951945,23.3409610983982,19.5652173913043,24.8283752860412,19.908466819222,18.9931350114416,19.5652173913043,16.3615560640732,16.3615560640732,22.0823798627002,16.9336384439359,16.9336384439359,16.8192219679634,20.9382151029748,21.0526315789474,17.3913043478261,19.6796338672769,25.5148741418764,20.9382151029748,25.7437070938215,28.2608695652174,18.4210526315789,21.1670480549199,21.1670480549199,21.395881006865,27.8032036613272,37.5286041189931,35.58352402746,24.8283752860412,28.4897025171625,36.7276887871854,30.3203661327231,28.7185354691076,28.604118993135,40.1601830663616,33.6384439359268,29.2906178489703,39.0160183066362,29.9771167048055,29.5194508009153,29.7482837528604,36.8421052631579
55.6064073226545,58.695652173913,18.649885583524,20.8237986270023,15.5606407322654,13.2723112128146,19.7940503432494,20.0228832951945,12.1281464530892,14.7597254004577,20.0228832951945,14.6453089244851,15.2173913043478,25.858123569794,22.4256292906178,17.2768878718535,16.9336384439359,22.1967963386728,27.4599542334096,19.7940503432494,20.3661327231121,14.0732265446224,20.0228832951945,21.8535469107551,20.9382151029748,21.6247139588101,28.8329519450801,28.604118993135,31.1212814645309,20.9382151029748,21.0526315789474,18.1922196796339,21.0526315789474,21.0526315789474,28.8329519450801,28.604118993135,28.604118993135,28.7185354691076,33.8672768878719,34.6681922196796,25.9725400457666,28.604118993135,29.1762013729977,29.2906178489703,29.1762013729977,29.5194508009153,30.091533180778,36.3844393592677,32.4942791762014
54.5766590389016,54.8054919908467,27.9176201372998,19.3363844393593,14.7597254004577,11.6704805491991,25.629290617849,20.0228832951945,16.4759725400458,19.7940503432494,19.3363844393593,23.7986270022883,55.2631578947368,20.2517162471396,20.137299771167,20.0228832951945,16.8192219679634,17.162471395881,19.908466819222,17.6201372997712,17.162471395881,20.7093821510297,25.4004576659039,17.8489702517162,21.6247139588101,17.7345537757437,20.9382151029748,21.0526315789474,32.1510297482838,20.9382151029748,24.2562929061785,21.0526315789474,21.5102974828375,21.0526315789474,24.9427917620137,27.2311212814645,28.8329519450801,28.9473684210526,26.0869565217391,28.9473684210526,32.1510297482838,32.3798627002288,28.8329519450801,34.0961098398169,34.6681922196796,32.2654462242563,29.1762013729977,29.4050343249428,29.5194508009153
56.4073226544622,56.7505720823799,21.5102974828375,28.1464530892449,15.675057208238,11.5560640732265,11.6704805491991,20.0228832951945,19.6796338672769,15.2173913043478,14.6453089244851,16.8192219679634,15.4462242562929,28.0320366132723,16.9336384439359,20.2517162471396,25.1716247139588,24.9427917620137,17.9633867276888,17.0480549199085,17.2768878718535,17.162471395881,20.137299771167,20.9382151029748,16.8192219679634,20.7093821510297,25.629290617849,18.0778032036613,20.9382151029748,28.7185354691076,28.4897025171625,29.9771167048055,28.9473684210526,30.8924485125858,29.0617848970252,21.1670480549199,28.9473684210526,28.9473684210526,28.9473684210526,28.9473684210526,28.9473684210526,32.3798627002288,28.9473684210526,35.4691075514874,35.9267734553776,27.9176201372998,29.4050343249428,31.350114416476,29.6338672768879
48.2837528604119,54.8054919908467,28.2608695652174,13.1578947368421,16.3615560640732,14.9885583524027,19.1075514874142,21.8535469107551,22.883295194508,14.3020594965675,16.4759725400458,20.0228832951945,19.6796338672769,15.5606407322654,16.2471395881007,16.7048054919908,22.3112128146453,24.2562929061785,16.9336384439359,24.2562929061785,19.6796338672769,17.162471395881,26.4302059496567,20.4805491990847,21.0526315789474,20.9382151029748,17.5057208237986,18.4210526315789,21.1670480549199,28.3752860411899,21.395881006865,28.7185354691076,28.3752860411899,28.9473684210526,26.6590389016018,24.7139588100687,27.8032036613272,29.2906178489703,29.1762013729977,29.0617848970252,35.6979405034325,29.2906178489703,29.2906178489703,29.5194508009153,31.4645308924485,29.7482837528604,29.4050343249428,29.6338672768879,29.6338672768879
58.5812356979405,57.6659038901602,20.5949656750572,14.0732265446224,7.55148741418764,21.8535469107551,16.1327231121281,19.6796338672769,11.7848970251716,19.6796338672769,23.2265446224256,14.9885583524027,19.5652173913043,17.0480549199085,16.2471395881007,16.4759725400458,19.7940503432494,17.7345537757437,17.6201372997712,17.0480549199085,23.4553775743707,17.162471395881,25.0572082379863,17.5057208237986,17.0480549199085,17.0480549199085,17.8489702517162,17.8489702517162,28.4897025171625,17.9633867276888,21.1670480549199,24.9427917620137,22.883295194508,27.5743707093822,28.9473684210526,22.3112128146453,21.7391304347826,27.6887871853547,28.3752860411899,24.7139588100687,29.5194508009153,27.6887871853547,22.1967963386728,21.395881006865,27.116704805492,28.4897025171625,27.8032036613272,27.8032036613272,28.2608695652174
58.1235697940503,59.4965675057208,12.5858123569794,20.3661327231121,14.7597254004577,11.5560640732265,18.4210526315789,14.0732265446224,23.7986270022883,17.5057208237986,21.7391304347826,19.5652173913043,22.1967963386728,15.675057208238,20.137299771167,17.3913043478261,20.0228832951945,20.0228832951945,16.8192219679634,17.0480549199085,17.8489702517162,21.2814645308924,26.6590389016018,16.9336384439359,17.162471395881,18.3066361556064,17.7345537757437,25.2860411899314,24.141876430206,22.5400457665904,21.2814645308924,24.9427917620137,24.9427917620137,21.7391304347826,18.8787185354691,24.8283752860412,24.9427917620137,21.8535469107551,22.1967963386728,22.0823798627002,28.4897025171625,28.3752860411899,33.5240274599542,27.8032036613272,29.6338672768879,32.4942791762014,28.4897025171625,32.4942791762014,34.2105263157895
53.5469107551487,53.0892448512586,12.5858123569794,34.8970251716247,15.1029748283753,11.2128146453089,11.5560640732265,16.1327231121281,19.7940503432494,14.41647597254,14.5308924485126,15.1029748283753,20.7093821510297,20.0228832951945,19.7940503432494,16.5903890160183,24.370709382151,20.137299771167,20.137299771167,17.0480549199085,17.162471395881,17.162471395881,17.0480549199085,18.3066361556064,27.5743707093822,17.2768878718535,31.0068649885584,21.7391304347826,25.629290617849,18.0778032036613,22.1967963386728,21.7391304347826,27.0022883295195,21.7391304347826,21.7391304347826,29.2906178489703,34.2105263157895,29.0617848970252,29.0617848970252,27.0022883295195,28.2608695652174,33.1807780320366,28.2608695652174,28.2608695652174,28.2608695652174,27.8032036613272,31.8077803203661,33.4096109839817,28.604118993135
56.1784897025172,54.0045766590389,21.8535469107551,14.0732265446224,14.9885583524027,17.9633867276888,13.8443935926773,19.3363844393593,14.187643020595,28.3752860411899,14.6453089244851,26.4302059496567,19.5652173913043,15.675057208238,19.5652173913043,17.2768878718535,25.9725400457666,23.2265446224256,20.137299771167,19.7940503432494,20.3661327231121,17.162471395881,17.0480549199085,17.0480549199085,17.2768878718535,17.2768878718535,23.3409610983982,18.4210526315789,32.0366132723112,18.5354691075515,23.2265446224256,19.2219679633867,22.1967963386728,23.1121281464531,22.3112128146453,28.9473684210526,22.4256292906178,22.4256292906178,22.5400457665904,27.6887871853547,22.7688787185355,31.0068649885584,31.6933638443936,27.8032036613272,28.1464530892449,22.883295194508,32.3798627002288,30.4347826086957,31.9221967963387
53.7757437070938,55.2631578947368,21.6247139588101,14.0732265446224,13.3867276887872,22.7688787185355,18.7643020594966,14.187643020595,27.8032036613272,20.4805491990847,14.5308924485126,19.5652173913043,22.9977116704806,17.162471395881,16.4759725400458,16.5903890160183,23.3409610983982,20.2517162471396,17.0480549199085,17.7345537757437,17.162471395881,23.2265446224256,17.2768878718535,18.4210526315789,17.2768878718535,20.137299771167,19.6796338672769,18.1922196796339,26.7734553775744,22.3112128146453,28.3752860411899,26.3157894736842,26.5446224256293,21.6247139588101,25.0572082379863,27.5743707093822,25.0572082379863,22.4256292906178,22.5400457665904,31.1212814645309,28.0320366132723,28.0320366132723,30.091533180778,28.4897025171625,28.4897025171625,23.5697940503432,37.9862700228833,28.604118993135,28.604118993135
53.6613272311213,52.745995423341,19.4508009153318,34.8970251716247,7.66590389016018,10.5263157894737,16.0183066361556,24.9427917620137,14.187643020595,14.41647597254,16.4759725400458,24.141876430206,24.141876430206,15.7894736842105,13.5011441647597,16.5903890160183,19.7940503432494,19.908466819222,17.162471395881,24.2562929061785,17.7345537757437,23.2265446224256,17.2768878718535,17.162471395881,20.4805491990847,23.2265446224256,17.2768878718535,25.0572082379863,26.5446224256293,26.6590389016018,18.649885583524,27.5743707093822,26.7734553775744,24.8283752860412,19.2219679633867,30.5491990846682,24.370709382151,24.4851258581236,24.7139588100687,28.0320366132723,27.9176201372998,33.1807780320366,33.1807780320366,28.4897025171625,28.604118993135,38.7871853546911,34.0961098398169,28.4897025171625,28.4897025171625
50,53.5469107551487,21.395881006865,14.0732265446224,15.675057208238,25.2860411899314,14.0732265446224,13.7299771167048,20.5949656750572,19.908466819222,14.9885583524027,15.2173913043478,23.1121281464531,23.9130434782609,16.1327231121281,16.4759725400458,16.8192219679634,21.1670480549199,14.5308924485126,21.395881006865,23.2265446224256,17.2768878718535,18.9931350114416,17.162471395881,18.4210526315789,20.9382151029748,17.3913043478261,20.8237986270023,33.5240274599542,18.649885583524,27.9176201372998,18.7643020594966,19.1075514874142,27.9176201372998,22.7688787185355,32.9519450800915,25.1716247139588,24.5995423340961,28.604118993135,26.6590389016018,18.7643020594966,28.604118993135,23.2265446224256,28.4897025171625,28.4897025171625,25.5148741418764,25.629290617849,25.629290617849,30.4347826086957
60.4118993135012,54.8054919908467,14.5308924485126,20.4805491990847,15.7894736842105,15.7894736842105,15.1029748283753,21.2814645308924,20.5949656750572,20.7093821510297,14.9885583524027,19.908466819222,21.5102974828375,15.3318077803204,24.4851258581236,13.3867276887872,19.1075514874142,16.8192219679634,20.0228832951945,17.2768878718535,17.6201372997712,17.3913043478261,24.8283752860412,18.4210526315789,23.3409610983982,17.5057208237986,17.8489702517162,20.7093821510297,17.5057208237986,27.0022883295195,27.3455377574371,27.6887871853547,24.7139588100687,24.7139588100687,19.5652173913043,24.7139588100687,24.9427917620137,26.6590389016018,28.0320366132723,25.629290617849,28.604118993135,25.1716247139588,28.604118993135,28.7185354691076,28.4897025171625,27.4599542334096,34.6681922196796,27.8032036613272,31.2356979405034
60.5263157894737,55.8352402745995,13.2723112128146,27.5743707093822,15.1029748283753,10.2974828375286,23.6842105263158,13.8443935926773,14.187643020595,13.3867276887872,16.4759725400458,15.2173913043478,15.4462242562929,20.8237986270023,16.2471395881007,16.3615560640732,21.0526315789474,24.5995423340961,20.0228832951945,17.2768878718535,17.5057208237986,32.3798627002288,17.7345537757437,17.3913043478261,20.7093821510297,22.883295194508,20.3661327231121,23.6842105263158,24.370709382151,26.8878718535469,18.4210526315789,19.2219679633867,24.2562929061785,22.9977116704806,24.5995423340961,24.8283752860412,27.3455377574371,25.0572082379863,25.0572082379863,25.629290617849,25.1716247139588,28.2608695652174,25.5148741418764,29.2906178489703,28.8329519450801,24.7139588100687,27.4599542334096,33.7528604118993,20.9382151029748
58.3524027459954,55.0343249427918,19.7940503432494,19.908466819222,15.4462242562929,10.1830663615561,19.1075514874142,20.137299771167,19.3363844393593,14.187643020595,14.5308924485126,15.2173913043478,21.6247139588101,20.0228832951945,23.4553775743707,16.4759725400458,24.2562929061785,16.9336384439359,19.7940503432494,21.1670480549199,25.858123569794,27.116704805492,17.3913043478261,19.7940503432494,20.9382151029748,24.5995423340961,20.8237986270023,17.3913043478261,25.1716247139588,22.9977116704806,22.7688787185355,22.9977116704806,24.4851258581236,25.0572082379863,28.4897025171625,18.0778032036613,24.8283752860412,23.6842105263158,25.4004576659039,25.629290617849,25.629290617849,25.5148741418764,28.8329519450801,25.5148741418764,32.4942791762014,28.7185354691076,25.629290617849,29.2906178489703,25.629290617849
57.0938215102975,53.3180778032037,13.2723112128146,13.9588100686499,7.66590389016018,15.3318077803204,14.0732265446224,27.6887871853547,22.883295194508,14.3020594965675,15.1029748283753,19.1075514874142,16.4759725400458,16.2471395881007,16.3615560640732,19.6796338672769,22.883295194508,17.0480549199085,17.3913043478261,17.7345537757437,17.6201372997712,17.6201372997712,17.162471395881,20.5949656750572,14.187643020595,18.0778032036613,17.3913043478261,18.7643020594966,18.5354691075515,26.6590389016018,22.7688787185355,27.5743707093822,23.1121281464531,29.1762013729977,24.9427917620137,25.0572082379863,25.5148741418764,25.629290617849,28.7185354691076,28.604118993135,25.629290617849,28.9473684210526,25.5148741418764,28.4897025171625,25.629290617849,25.629290617849,28.8329519450801,38.1006864988558,29.5194508009153
58.2379862700229,59.0389016018307,25.5148741418764,29.7482837528604,7.66590389016018,17.9633867276888,21.1670480549199,20.137299771167,14.187643020595,18.1922196796339,21.6247139588101,17.7345537757437,19.6796338672769,16.0183066361556,17.8489702517162,25.4004576659039,17.162471395881,22.6544622425629,24.141876430206,17.7345537757437,16.7048054919908,17.2768878718535,17.5057208237986,24.141876430206,21.7391304347826,17.5057208237986,17.6201372997712,24.5995423340961,23.2265446224256,27.0022883295195,22.9977116704806,27.6887871853547,27.8032036613272,25.4004576659039,29.0617848970252,23.2265446224256,29.1762013729977,25.4004576659039,25.5148741418764,25.629290617849,27.3455377574371,25.629290617849,25.7437070938215,25.629290617849,28.4897025171625,31.4645308924485,29.6338672768879,26.0869565217391,26.0869565217391
55.6064073226545,54.6910755148741,21.395881006865,14.3020594965675,7.66590389016018,18.0778032036613,26.5446224256293,13.7299771167048,19.3363844393593,26.5446224256293,14.9885583524027,21.5102974828375,20.0228832951945,16.1327231121281,16.5903890160183,18.4210526315789,21.9679633867277,17.3913043478261,24.7139588100687,17.5057208237986,21.8535469107551,14.41647597254,17.6201372997712,17.162471395881,17.5057208237986,22.5400457665904,25.0572082379863,22.883295194508,24.370709382151,29.6338672768879,21.2814645308924,23.3409610983982,22.3112128146453,24.0274599542334,26.5446224256293,27.9176201372998,25.5148741418764,25.629290617849,26.2013729977117,25.7437070938215,27.3455377574371,31.350114416476,25.858123569794,25.9725400457666,25.858123569794,29.1762013729977,27.8032036613272,29.8627002288329,29.4050343249428
62.2425629290618,54.9199084668192,20.9382151029748,13.9588100686499,13.1578947368421,12.8146453089245,19.4508009153318,13.7299771167048,26.7734553775744,16.2471395881007,19.3363844393593,19.5652173913043,18.9931350114416,20.0228832951945,20.137299771167,20.0228832951945,24.141876430206,16.8192219679634,17.5057208237986,14.0732265446224,13.7299771167048,17.2768878718535,22.9977116704806,20.7093821510297,17.2768878718535,23.2265446224256,24.141876430206,17.7345537757437,18.0778032036613,22.0823798627002,23.2265446224256,23.9130434782609,22.883295194508,25.629290617849,25.5148741418764,26.8878718535469,27.5743707093822,25.858123569794,27.5743707093822,26.7734553775744,28.9473684210526,29.1762013729977,22.9977116704806,29.7482837528604,26.3157894736842,28.7185354691076,28.9473684210526,29.5194508009153,29.4050343249428
55.6064073226545,54.9199084668192,20.9382151029748,22.0823798627002,14.8741418764302,15.4462242562929,13.9588100686499,17.9633867276888,14.3020594965675,20.5949656750572,20.8237986270023,20.5949656750572,16.5903890160183,15.9038901601831,16.5903890160183,25.9725400457666,27.2311212814645,17.8489702517162,17.0480549199085,17.9633867276888,23.4553775743707,17.6201372997712,32.837528604119,21.2814645308924,17.5057208237986,23.4553775743707,26.6590389016018,23.9130434782609,23.2265446224256,24.4851258581236,23.3409610983982,26.4302059496567,24.9427917620137,25.5148741418764,25.4004576659039,28.4897025171625,29.6338672768879,29.2906178489703,30.4347826086957,30.4347826086957,26.0869565217391,26.2013729977117,28.9473684210526,26.0869565217391,30.5491990846682,26.5446224256293,26.5446224256293,26.6590389016018,27.9176201372998
47.7116704805492,55.0343249427918,19.4508009153318,19.3363844393593,20.5949656750572,10.4118993135011,13.7299771167048,22.0823798627002,22.6544622425629,13.1578947368421,15.9038901601831,13.3867276887872,15.7894736842105,19.7940503432494,16.5903890160183,15.9038901601831,16.8192219679634,16.9336384439359,13.9588100686499,14.5308924485126,17.7345537757437,17.6201372997712,17.6201372997712,21.5102974828375,20.137299771167,22.4256292906178,20.8237986270023,24.7139588100687,24.2562929061785,24.370709382151,18.8787185354691,19.4508009153318,23.3409610983982,25.858123569794,28.1464530892449,25.629290617849,21.1670480549199,24.7139588100687,25.7437070938215,31.6933638443936,25.4004576659039,26.0869565217391,26.4302059496567,21.8535469107551,26.6590389016018,29.7482837528604,26.7734553775744,27.116704805492,27.0022883295195
58.695652173913,59.2677345537757,13.2723112128146,19.7940503432494,13.6155606407323,17.9633867276888,18.649885583524,23.6842105263158,14.187643020595,14.3020594965675,14.8741418764302,19.6796338672769,15.7894736842105,15.9038901601831,17.0480549199085,16.5903890160183,16.7048054919908,16.8192219679634,17.7345537757437,25.1716247139588,21.5102974828375,17.3913043478261,17.5057208237986,28.8329519450801,22.5400457665904,14.3020594965675,25.5148741418764,22.883295194508,26.8878718535469,23.3409610983982,20.2517162471396,30.3203661327231,20.3661327231121,25.5148741418764,27.3455377574371,24.2562929061785,30.8924485125858,21.2814645308924,26.0869565217391,26.0869565217391,26.0869565217391,27.8032036613272,25.0572082379863,55.1487414187643,29.0617848970252,28.0320366132723,26.2013729977117,27.0022883295195,28.604118993135
57.8947368421053,57.4370709382151,19.4508009153318,15.5606407322654,13.5011441647597,17.9633867276888,18.649885583524,13.8443935926773,15.4462242562929,14.9885583524027,21.395881006865,15.3318077803204,13.2723112128146,32.2654462242563,17.0480549199085,16.5903890160183,20.9382151029748,18.8787185354691,14.5308924485126,21.2814645308924,24.7139588100687,17.5057208237986,17.162471395881,24.5995423340961,17.162471395881,22.883295194508,14.5308924485126,19.908466819222,25.0572082379863,24.0274599542334,25.0572082379863,22.883295194508,25.2860411899314,24.2562929061785,27.6887871853547,21.1670480549199,25.9725400457666,21.5102974828375,24.8283752860412,21.9679633867277,21.5102974828375,22.4256292906178,26.3157894736842,26.3157894736842,29.8627002288329,23.1121281464531,29.8627002288329,25.9725400457666,26.4302059496567
56.9794050343249,55.4919908466819,13.2723112128146,21.6247139588101,16.0183066361556,17.9633867276888,15.7894736842105,16.9336384439359,24.5995423340961,14.8741418764302,22.1967963386728,15.2173913043478,24.0274599542334,20.137299771167,17.0480549199085,16.8192219679634,16.1327231121281,13.6155606407323,18.4210526315789,17.5057208237986,21.395881006865,16.9336384439359,17.6201372997712,22.5400457665904,17.9633867276888,14.6453089244851,18.3066361556064,24.2562929061785,24.4851258581236,25.0572082379863,27.116704805492,27.4599542334096,25.5148741418764,24.9427917620137,23.5697940503432,25.858123569794,26.2013729977117,27.8032036613272,21.9679633867277,25.858123569794,26.2013729977117,22.7688787185355,27.9176201372998,26.3157894736842,25.7437070938215,26.6590389016018,28.2608695652174,26.6590389016018,27.4599542334096
60.8695652173913,55.8352402745995,13.2723112128146,15.4462242562929,7.4370709382151,17.9633867276888,22.6544622425629,14.9885583524027,16.8192219679634,18.7643020594966,22.1967963386728,18.649885583524,24.0274599542334,19.7940503432494,17.3913043478261,22.4256292906178,17.162471395881,24.7139588100687,16.9336384439359,18.8787185354691,17.7345537757437,24.5995423340961,14.5308924485126,18.1922196796339,21.7391304347826,22.883295194508,19.7940503432494,17.6201372997712,18.5354691075515,25.1716247139588,24.8283752860412,29.0617848970252,21.2814645308924,24.4851258581236,21.2814645308924,25.858123569794,25.858123569794,26.5446224256293,22.7688787185355,22.7688787185355,26.3157894736842,22.9977116704806,28.1464530892449,23.4553775743707,26.4302059496567,26.3157894736842,24.0274599542334,27.0022883295195,26.6590389016018
57.7803203661327,55.0343249427918,26.7734553775744,28.7185354691076,7.4370709382151,22.4256292906178,16.7048054919908,16.0183066361556,16.8192219679634,13.3867276887872,19.6796338672769,15.675057208238,15.5606407322654,16.0183066361556,15.9038901601831,18.1922196796339,33.1807780320366,17.162471395881,17.162471395881,23.9130434782609,17.162471395881,21.7391304347826,18.0778032036613,17.9633867276888,25.0572082379863,28.9473684210526,21.8535469107551,21.6247139588101,23.6842105263158,29.4050343249428,24.8283752860412,27.4599542334096,27.2311212814645,26.3157894736842,21.8535469107551,22.1967963386728,25.858123569794,26.3157894736842,25.7437070938215,26.6590389016018,29.0617848970252,25.9725400457666,27.116704805492,28.2608695652174,32.2654462242563,30.2059496567506,24.0274599542334,26.6590389016018,26.4302059496567
54.5766590389016,55.8352402745995,27.6887871853547,14.187643020595,14.8741418764302,22.4256292906178,17.9633867276888,24.9427917620137,14.187643020595,14.41647597254,20.9382151029748,15.3318077803204,15.4462242562929,21.7391304347826,19.908466819222,20.0228832951945,17.6201372997712,18.649885583524,17.2768878718535,17.162471395881,17.2768878718535,14.6453089244851,18.8787185354691,18.7643020594966,24.5995423340961,22.9977116704806,22.883295194508,26.6590389016018,23.6842105263158,22.5400457665904,21.2814645308924,25.4004576659039,29.4050343249428,25.629290617849,22.3112128146453,20.0228832951945,22.883295194508,28.3752860411899,26.2013729977117,23.1121281464531,23.1121281464531,26.6590389016018,26.2013729977117,26.3157894736842,28.8329519450801,26.6590389016018,27.5743707093822,29.1762013729977,26.6590389016018
48.2837528604119,52.8604118993135,28.0320366132723,14.3020594965675,17.162471395881,13.5011441647597,15.5606407322654,10.2974828375286,13.7299771167048,14.9885583524027,15.1029748283753,19.2219679633867,11.8993135011442,21.7391304347826,16.4759725400458,17.5057208237986,16.9336384439359,14.187643020595,18.4210526315789,22.6544622425629,21.2814645308924,14.6453089244851,18.9931350114416,18.7643020594966,17.7345537757437,20.0228832951945,24.7139588100687,23.3409610983982,23.3409610983982,24.8283752860412,21.2814645308924,25.5148741418764,25.9725400457666,21.8535469107551,22.3112128146453,25.9725400457666,25.5148741418764,25.858123569794,25.9725400457666,26.0869565217391,23.6842105263158,31.5789473684211,25.7437070938215,26.2013729977117,25.0572082379863,26.2013729977117,26.5446224256293,26.5446224256293,26.6590389016018
57.6659038901602,57.4370709382151,20.3661327231121,20.0228832951945,22.6544622425629,10.0686498855835,12.929061784897,16.0183066361556,19.908466819222,15.4462242562929,15.3318077803204,15.1029748283753,15.5606407322654,15.9038901601831,12.929061784897,16.4759725400458,16.9336384439359,23.6842105263158,22.3112128146453,23.9130434782609,24.2562929061785,14.6453089244851,17.6201372997712,22.6544622425629,19.908466819222,18.8787185354691,19.908466819222,27.4599542334096,25.5148741418764,21.1670480549199,25.629290617849,25.7437070938215,25.858123569794,20.5949656750572,24.4851258581236,25.9725400457666,25.9725400457666,23.3409610983982,28.2608695652174,29.4050343249428,24.8283752860412,25.9725400457666,32.9519450800915,26.2013729977117,26.0869565217391,26.2013729977117,27.5743707093822,26.5446224256293,26.5446224256293
55.3775743707094,56.0640732265446,19.2219679633867,21.5102974828375,22.1967963386728,16.3615560640732,16.8192219679634,13.1578947368421,22.4256292906178,23.5697940503432,19.4508009153318,16.1327231121281,21.8535469107551,16.3615560640732,19.6796338672769,13.2723112128146,17.6201372997712,20.9382151029748,23.9130434782609,16.1327231121281,14.6453089244851,17.8489702517162,14.5308924485126,28.9473684210526,18.9931350114416,24.8283752860412,29.5194508009153,24.9427917620137,26.8878718535469,24.141876430206,18.8787185354691,25.0572082379863,28.4897025171625,24.0274599542334,26.6590389016018,28.4897025171625,23.3409610983982,28.8329519450801,25.629290617849,31.2356979405034,25.7437070938215,24.370709382151,29.6338672768879,26.5446224256293,26.4302059496567,26.2013729977117,27.8032036613272,28.8329519450801,26.0869565217391
58.466819221968,53.4324942791762,13.5011441647597,14.6453089244851,15.3318077803204,10.1830663615561,16.8192219679634,23.2265446224256,18.4210526315789,15.4462242562929,30.8924485125858,11.6704805491991,16.3615560640732,19.908466819222,20.137299771167,21.7391304347826,16.2471395881007,16.4759725400458,17.3913043478261,14.3020594965675,16.8192219679634,23.5697940503432,17.7345537757437,22.9977116704806,14.6453089244851,25.0572082379863,24.2562929061785,24.141876430206,25.5148741418764,25.9725400457666,22.883295194508,25.7437070938215,25.4004576659039,27.0022883295195,22.9977116704806,27.8032036613272,26.0869565217391,27.9176201372998,55.4919908466819,24.141876430206,23.9130434782609,24.0274599542334,26.5446224256293,28.604118993135,25.9725400457666,26.2013729977117,27.5743707093822,31.6933638443936,26.2013729977117
59.3821510297483,56.8649885583524,13.5011441647597,21.6247139588101,17.7345537757437,17.6201372997712,13.7299771167048,17.0480549199085,17.0480549199085,15.9038901601831,16.4759725400458,19.1075514874142,15.5606407322654,12.929061784897,16.2471395881007,18.649885583524,14.0732265446224,16.4759725400458,14.187643020595,21.0526315789474,17.2768878718535,24.370709382151,21.5102974828375,21.7391304347826,25.5148741418764,23.5697940503432,27.6887871853547,20.3661327231121,21.2814645308924,23.6842105263158,30.6636155606407,22.883295194508,30.6636155606407,26.0869565217391,25.629290617849,28.0320366132723,25.629290617849,23.6842105263158,23.6842105263158,26.0869565217391,26.0869565217391,22.883295194508,26.4302059496567,29.0617848970252,26.2013729977117,25.9725400457666,25.858123569794,26.2013729977117,28.0320366132723
59.0389016018307,53.3180778032037,14.187643020595,21.395881006865,13.7299771167048,10.1830663615561,19.908466819222,10.7551487414188,16.0183066361556,22.4256292906178,16.4759725400458,11.6704805491991,12.0137299771167,19.6796338672769,12.7002288329519,13.7299771167048,16.7048054919908,20.9382151029748,16.8192219679634,26.2013729977117,14.5308924485126,20.137299771167,25.7437070938215,14.5308924485126,25.629290617849,23.4553775743707,21.0526315789474,25.0572082379863,25.0572082379863,24.8283752860412,25.1716247139588,29.1762013729977,25.629290617849,23.2265446224256,25.9725400457666,21.6247139588101,23.4553775743707,22.9977116704806,25.9725400457666,25.858123569794,26.0869565217391,24.141876430206,26.4302059496567,31.4645308924485,26.0869565217391,26.4302059496567,26.2013729977117,26.4302059496567,28.1464530892449
58.8100686498856,54.5766590389016,20.5949656750572,20.0228832951945,9.7254004576659,10.2974828375286,15.3318077803204,15.5606407322654,13.1578947368421,14.41647597254,11.5560640732265,11.8993135011442,18.0778032036613,19.2219679633867,15.675057208238,16.1327231121281,19.4508009153318,16.5903890160183,24.2562929061785,17.5057208237986,25.629290617849,18.3066361556064,20.7093821510297,20.7093821510297,25.629290617849,25.0572082379863,24.5995423340961,25.1716247139588,27.2311212814645,27.0022883295195,22.883295194508,25.1716247139588,27.4599542334096,21.6247139588101,25.7437070938215,25.7437070938215,25.7437070938215,26.7734553775744,27.5743707093822,23.7986270022883,23.3409610983982,22.6544622425629,24.141876430206,26.0869565217391,27.6887871853547,27.5743707093822,29.8627002288329,28.0320366132723,24.7139588100687
60.4118993135012,55.9496567505721,14.41647597254,17.0480549199085,9.83981693363844,10.1830663615561,10.6407322654462,13.2723112128146,19.3363844393593,14.3020594965675,24.2562929061785,14.5308924485126,16.2471395881007,21.2814645308924,24.2562929061785,13.5011441647597,17.2768878718535,41.6475972540046,27.2311212814645,14.3020594965675,18.5354691075515,14.41647597254,19.1075514874142,22.3112128146453,24.141876430206,23.4553775743707,21.1670480549199,29.6338672768879,24.8283752860412,24.9427917620137,27.2311212814645,25.0572082379863,25.2860411899314,25.2860411899314,25.5148741418764,25.4004576659039,25.9725400457666,26.2013729977117,28.8329519450801,27.6887871853547,27.4599542334096,31.0068649885584,24.0274599542334,24.141876430206,25.9725400457666,25.858123569794,25.9725400457666,26.2013729977117,26.5446224256293
53.6613272311213,54.8054919908467,21.1670480549199,30.2059496567506,16.4759725400458,15.7894736842105,10.5263157894737,16.1327231121281,22.5400457665904,19.5652173913043,14.6453089244851,16.3615560640732,16.4759725400458,12.929061784897,23.6842105263158,13.7299771167048,14.187643020595,19.7940503432494,24.7139588100687,17.5057208237986,18.8787185354691,17.6201372997712,24.2562929061785,24.370709382151,18.1922196796339,24.9427917620137,19.3363844393593,26.7734553775744,22.883295194508,27.2311212814645,20.5949656750572,23.2265446224256,23.2265446224256,23.3409610983982,23.3409610983982,29.0617848970252,25.5148741418764,24.0274599542334,23.6842105263158,23.5697940503432,25.858123569794,30.6636155606407,24.0274599542334,31.5789473684211,24.2562929061785,28.1464530892449,28.2608695652174,26.3157894736842,31.5789473684211
53.8901601830664,58.466819221968,20.2517162471396,39.9313501144165,15.675057208238,10.2974828375286,10.5263157894737,10.7551487414188,39.1304347826087,15.4462242562929,14.3020594965675,16.1327231121281,16.2471395881007,13.1578947368421,16.3615560640732,13.7299771167048,17.6201372997712,17.5057208237986,14.3020594965675,25.1716247139588,18.1922196796339,19.7940503432494,18.8787185354691,23.2265446224256,21.6247139588101,19.4508009153318,21.6247139588101,25.4004576659039,25.1716247139588,27.2311212814645,25.4004576659039,30.3203661327231,27.4599542334096,27.2311212814645,25.629290617849,25.629290617849,27.116704805492,26.0869565217391,23.9130434782609,26.0869565217391,29.2906178489703,24.0274599542334,32.1510297482838,25.858123569794,24.8283752860412,33.1807780320366,28.2608695652174,30.091533180778,28.2608695652174
62.0137299771167,54.3478260869565,29.2906178489703,14.3020594965675,41.533180778032,16.4759725400458,15.7894736842105,15.4462242562929,20.9382151029748,17.6201372997712,15.7894736842105,16.1327231121281,12.4713958810069,16.2471395881007,17.0480549199085,16.3615560640732,25.4004576659039,14.187643020595,14.187643020595,24.8283752860412,17.3913043478261,22.3112128146453,20.8237986270023,26.3157894736842,19.1075514874142,19.2219679633867,28.3752860411899,30.091533180778,31.0068649885584,25.1716247139588,26.8878718535469,23.2265446224256,25.4004576659039,26.8878718535469,23.5697940503432,27.116704805492,27.5743707093822,29.1762013729977,26.0869565217391,23.9130434782609,25.7437070938215,28.7185354691076,27.6887871853547,25.858123569794,25.7437070938215,26.2013729977117,26.7734553775744,26.6590389016018,26.3157894736842
59.0389016018307,52.5171624713959,28.4897025171625,19.6796338672769,15.5606407322654,10.2974828375286,22.883295194508,15.7894736842105,17.5057208237986,17.6201372997712,12.0137299771167,23.5697940503432,18.8787185354691,23.4553775743707,16.3615560640732,17.3913043478261,16.8192219679634,22.3112128146453,14.187643020595,24.7139588100687,21.5102974828375,14.3020594965675,14.7597254004577,23.2265446224256,20.4805491990847,28.7185354691076,22.5400457665904,22.7688787185355,21.5102974828375,30.5491990846682,25.2860411899314,28.604118993135,25.2860411899314,25.7437070938215,27.2311212814645,27.2311212814645,24.141876430206,24.7139588100687,27.9176201372998,25.629290617849,24.0274599542334,24.141876430206,24.2562929061785,26.0869565217391,24.2562929061785,31.2356979405034,26.4302059496567,26.7734553775744,27.8032036613272
60.2974828375286,59.954233409611,20.5949656750572,36.0411899313501,15.4462242562929,15.675057208238,18.3066361556064,15.2173913043478,15.7894736842105,11.441647597254,16.0183066361556,18.0778032036613,16.0183066361556,13.2723112128146,18.8787185354691,16.5903890160183,14.187643020595,14.187643020595,21.5102974828375,17.5057208237986,17.8489702517162,18.0778032036613,20.137299771167,26.2013729977117,24.5995423340961,22.1967963386728,24.7139588100687,20.137299771167,26.2013729977117,25.1716247139588,25.1716247139588,27.2311212814645,27.9176201372998,27.116704805492,28.8329519450801,23.6842105263158,27.3455377574371,27.2311212814645,26.0869565217391,24.141876430206,30.6636155606407,27.6887871853547,30.7780320366133,26.0869565217391,28.0320366132723,29.9771167048055,26.4302059496567,27.6887871853547,33.2951945080092
56.4073226544622,57.4370709382151,13.3867276887872,27.4599542334096,9.95423340961098,15.4462242562929,16.8192219679634,24.2562929061785,20.9382151029748,16.8192219679634,14.5308924485126,20.4805491990847,16.2471395881007,16.3615560640732,17.9633867276888,19.7940503432494,14.187643020595,19.4508009153318,14.187643020595,14.41647597254,14.41647597254,19.7940503432494,18.7643020594966,26.7734553775744,21.6247139588101,22.3112128146453,26.3157894736842,25.5148741418764,25.0572082379863,26.7734553775744,29.6338672768879,23.2265446224256,25.9725400457666,30.4347826086957,23.7986270022883,29.5194508009153,27.5743707093822,23.6842105263158,28.1464530892449,22.0823798627002,24.2562929061785,28.604118993135,24.2562929061785,28.2608695652174,27.6887871853547,26.6590389016018,24.2562929061785,26.5446224256293,24.7139588100687
51.2585812356979,54.4622425629291,13.9588100686499,24.0274599542334,15.7894736842105,10.2974828375286,20.7093821510297,17.0480549199085,15.4462242562929,12.1281464530892,16.1327231121281,16.1327231121281,19.6796338672769,16.9336384439359,13.3867276887872,13.6155606407323,14.187643020595,14.187643020595,20.8237986270023,17.6201372997712,24.4851258581236,19.7940503432494,19.908466819222,20.2517162471396,21.6247139588101,23.1121281464531,24.5995423340961,24.8283752860412,29.2906178489703,27.116704805492,28.604118993135,25.858123569794,23.4553775743707,25.629290617849,25.629290617849,28.1464530892449,26.7734553775744,25.629290617849,27.3455377574371,30.3203661327231,28.604118993135,28.0320366132723,24.141876430206,25.858123569794,24.141876430206,24.370709382151,27.9176201372998,26.4302059496567,26.2013729977117
52.2883295194508,54.0045766590389,17.5057208237986,25.2860411899314,10.0686498855835,19.1075514874142,10.6407322654462,17.0480549199085,19.7940503432494,15.7894736842105,21.8535469107551,12.4713958810069,16.0183066361556,13.3867276887872,13.6155606407323,14.0732265446224,13.8443935926773,20.3661327231121,14.41647597254,21.8535469107551,14.5308924485126,20.9382151029748,15.5606407322654,18.8787185354691,21.395881006865,24.7139588100687,19.908466819222,23.1121281464531,30.4347826086957,23.2265446224256,21.1670480549199,25.4004576659039,28.4897025171625,26.2013729977117,28.604118993135,26.3157894736842,50.3432494279176,26.2013729977117,28.0320366132723,25.9725400457666,25.858123569794,28.2608695652174,24.141876430206,24.2562929061785,28.8329519450801,46.2242562929062,32.0366132723112,27.8032036613272,34.7826086956522
62.1281464530893,57.0938215102975,13.3867276887872,27.4599542334096,40.7322654462243,13.5011441647597,22.5400457665904,17.6201372997712,15.4462242562929,12.1281464530892,18.3066361556064,17.8489702517162,16.3615560640732,22.7688787185355,21.5102974828375,25.0572082379863,23.9130434782609,24.0274599542334,18.8787185354691,19.908466819222,17.0480549199085,17.5057208237986,20.3661327231121,23.9130434782609,20.3661327231121,22.5400457665904,26.2013729977117,28.9473684210526,22.9977116704806,25.1716247139588,25.2860411899314,27.4599542334096,29.2906178489703,28.604118993135,26.0869565217391,30.4347826086957,25.858123569794,24.0274599542334,26.3157894736842,26.0869565217391,24.141876430206,28.4897025171625,24.141876430206,25.9725400457666,27.9176201372998,24.4851258581236,26.3157894736842,28.3752860411899,26.4302059496567
59.6109839816934,54.0045766590389,13.3867276887872,19.6796338672769,17.5057208237986,10.4118993135011,15.7894736842105,22.883295194508,18.9931350114416,19.4508009153318,16.2471395881007,12.8146453089245,17.0480549199085,17.162471395881,20.2517162471396,20.7093821510297,18.5354691075515,20.5949656750572,24.9427917620137,18.7643020594966,21.395881006865,20.9382151029748,19.3363844393593,25.858123569794,25.0572082379863,24.9427917620137,24.7139588100687,26.3157894736842,29.2906178489703,27.116704805492,24.8283752860412,29.9771167048055,23.3409610983982,25.629290617849,23.6842105263158,24.8283752860412,25.858123569794,28.1464530892449,26.0869565217391,28.9473684210526,28.4897025171625,28.3752860411899,24.2562929061785,35.9267734553776,29.6338672768879,27.4599542334096,27.9176201372998,28.9473684210526,24.7139588100687
63.9588100686499,56.4073226544622,21.6247139588101,21.395881006865,16.0183066361556,15.3318077803204,15.7894736842105,16.9336384439359,19.7940503432494,16.2471395881007,12.4713958810069,12.929061784897,13.5011441647597,13.5011441647597,13.6155606407323,26.6590389016018,22.9977116704806,14.5308924485126,18.7643020594966,18.8787185354691,26.0869565217391,18.7643020594966,20.3661327231121,22.3112128146453,24.2562929061785,27.116704805492,22.9977116704806,22.4256292906178,23.2265446224256,26.7734553775744,25.5148741418764,28.3752860411899,23.2265446224256,25.629290617849,27.4599542334096,25.7437070938215,25.7437070938215,27.2311212814645,31.6933638443936,27.5743707093822,24.2562929061785,27.9176201372998,28.1464530892449,26.2013729977117,30.091533180778,32.2654462242563,28.1464530892449,28.604118993135,32.4942791762014
58.466819221968,53.8901601830664,20.8237986270023,22.0823798627002,21.0526315789474,16.4759725400458,16.9336384439359,11.6704805491991,15.9038901601831,25.5148741418764,19.1075514874142,20.8237986270023,16.4759725400458,16.2471395881007,25.4004576659039,18.5354691075515,21.395881006865,14.5308924485126,14.5308924485126,21.0526315789474,20.137299771167,20.7093821510297,14.7597254004577,21.2814645308924,25.7437070938215,25.0572082379863,27.3455377574371,24.5995423340961,28.4897025171625,23.6842105263158,25.4004576659039,27.5743707093822,26.7734553775744,27.8032036613272,23.6842105263158,26.7734553775744,44.0503432494279,28.604118993135,26.0869565217391,29.2906178489703,27.9176201372998,26.8878718535469,27.9176201372998,26.0869565217391,27.9176201372998,28.9473684210526,29.6338672768879,25.1716247139588,26.4302059496567
57.3226544622426,59.8398169336384,13.5011441647597,22.0823798627002,15.3318077803204,10.5263157894737,10.6407322654462,10.8695652173913,16.5903890160183,16.2471395881007,19.1075514874142,13.0434782608696,13.5011441647597,16.3615560640732,19.5652173913043,19.2219679633867,17.6201372997712,42.4485125858124,24.141876430206,21.5102974828375,19.2219679633867,24.7139588100687,26.2013729977117,25.5148741418764,21.0526315789474,22.9977116704806,25.0572082379863,23.2265446224256,28.0320366132723,29.7482837528604,31.1212814645309,28.604118993135,28.604118993135,20.8237986270023,25.858123569794,24.0274599542334,26.0869565217391,29.8627002288329,27.116704805492,26.7734553775744,23.1121281464531,26.0869565217391,22.0823798627002,26.0869565217391,28.2608695652174,46.3386727688787,27.2311212814645,31.2356979405034,29.9771167048055
54.4622425629291,52.5171624713959,28.0320366132723,21.7391304347826,10.1830663615561,10.4118993135011,18.649885583524,15.2173913043478,16.0183066361556,20.4805491990847,20.9382151029748,16.2471395881007,16.3615560640732,13.3867276887872,20.3661327231121,19.2219679633867,19.1075514874142,19.3363844393593,15.1029748283753,19.2219679633867,45.0800915331808,24.8283752860412,20.2517162471396,25.4004576659039,22.4256292906178,22.883295194508,26.8878718535469,22.9977116704806,25.4004576659039,27.9176201372998,32.9519450800915,26.3157894736842,27.116704805492,20.9382151029748,29.0617848970252,30.6636155606407,31.9221967963387,29.2906178489703,27.8032036613272,25.9725400457666,24.370709382151,28.3752860411899,24.4851258581236,24.9427917620137,30.6636155606407,31.0068649885584,30.3203661327231,31.1212814645309,26.6590389016018
57.5514874141876,57.5514874141876,52.8604118993135,22.1967963386728,10.2974828375286,15.675057208238,22.4256292906178,19.1075514874142,15.675057208238,16.1327231121281,12.7002288329519,16.2471395881007,13.3867276887872,18.4210526315789,17.3913043478261,18.649885583524,14.7597254004577,21.0526315789474,25.4004576659039,19.2219679633867,16.0183066361556,17.3913043478261,20.137299771167,22.6544622425629,24.9427917620137,20.7093821510297,25.7437070938215,25.2860411899314,25.4004576659039,27.2311212814645,23.2265446224256,25.629290617849,39.3592677345538,37.1853546910755,40.6178489702517,38.4439359267735,36.4988558352403,37.7574370709382,24.141876430206,45.766590389016,33.7528604118993,31.0068649885584,28.2608695652174,23.7986270022883,26.7734553775744,31.8077803203661,30.091533180778,26.6590389016018,37.7574370709382
53.6613272311213,55.8352402745995,20.7093821510297,14.5308924485126,15.5606407322654,20.9382151029748,10.6407322654462,10.8695652173913,20.2517162471396,17.7345537757437,16.2471395881007,13.2723112128146,17.2768878718535,17.8489702517162,18.0778032036613,14.0732265446224,24.8283752860412,20.137299771167,18.7643020594966,20.2517162471396,26.8878718535469,21.7391304347826,26.5446224256293,26.2013729977117,26.3157894736842,25.858123569794,34.324942791762,25.629290617849,39.2448512585812,54.4622425629291,36.6132723112128,37.4141876430206,39.4736842105263,37.5286041189931,45.766590389016,37.7574370709382,37.6430205949657,27.3455377574371,35.3546910755149,36.4988558352403,41.304347826087,37.7574370709382,36.7276887871854,40.9610983981693,39.1304347826087,51.0297482837529,50.8009153318078,38.2151029748284,41.304347826087
59.8398169336384,59.954233409611,14.187643020595,21.9679633867277,10.5263157894737,10.5263157894737,10.6407322654462,11.7848970251716,12.2425629290618,23.1121281464531,18.649885583524,22.3112128146453,13.3867276887872,13.6155606407323,23.4553775743707,44.8512585812357,30.8924485125858,33.6384439359268,25.7437070938215,30.5491990846682,20.0228832951945,22.6544622425629,28.8329519450801,33.9816933638444,31.5789473684211,45.766590389016,41.9908466819222,37.2997711670481,42.1052631578947,44.279176201373,40.7322654462243,31.8077803203661,37.4141876430206,37.5286041189931,41.0755148741419,37.4141876430206,32.2654462242563,40.9610983981693,35.1258581235698,44.279176201373,45.766590389016,37.7574370709382,40.3890160183066,30.3203661327231,40.3890160183066,55.6064073226545,40.9610983981693,31.1212814645309,40.7322654462243
58.0091533180778,55.9496567505721,21.0526315789474,19.7940503432494,16.3615560640732,20.8237986270023,15.5606407322654,11.7848970251716,11.441647597254,12.3569794050343,12.929061784897,13.1578947368421,18.9931350114416,13.6155606407323,17.8489702517162,26.5446224256293,23.6842105263158,29.0617848970252,31.1212814645309,29.0617848970252,43.1350114416476,30.3203661327231,31.5789473684211,30.091533180778,38.9016018306636,34.0961098398169,37.6430205949657,38.3295194508009,50.5720823798627,40.1601830663616,42.3340961098398,33.7528604118993,37.5286041189931,37.7574370709382,40.2745995423341,42.5629290617849,36.4988558352403,39.3592677345538,42.9061784897025,41.304347826087,55.6064073226545,42.5629290617849,37.070938215103,39.7025171624714,43.9359267734554,37.7574370709382,41.1899313501144,50.8009153318078,36.1556064073227
59.6109839816934,54.0045766590389,22.4256292906178,21.6247139588101,23.3409610983982,15.4462242562929,23.2265446224256,16.0183066361556,17.6201372997712,18.9931350114416,24.370709382151,18.649885583524,18.1922196796339,25.4004576659039,28.2608695652174,26.0869565217391,36.6132723112128,26.0869565217391,31.350114416476,40.045766590389,31.4645308924485,42.79176201373,42.79176201373,35.4691075514874,38.3295194508009,40.7322654462243,26.6590389016018,32.2654462242563,37.2997711670481,37.4141876430206,44.279176201373,37.4141876430206,38.6727688787185,37.7574370709382,40.3890160183066,40.9610983981693,54.6910755148741,35.3546910755149,40.3890160183066,31.9221967963387,32.2654462242563,38.3295194508009,40.9610983981693,37.7574370709382,40.9610983981693,36.7276887871854,36.7276887871854,37.7574370709382,50.8009153318078
54.1189931350114,53.7757437070938,21.0526315789474,31.8077803203661,10.4118993135011,24.0274599542334,18.9931350114416,18.5354691075515,18.8787185354691,12.5858123569794,17.9633867276888,16.3615560640732,24.0274599542334,28.3752860411899,44.0503432494279,44.8512585812357,25.9725400457666,31.1212814645309,34.8970251716247,31.5789473684211,43.7070938215103,31.8077803203661,36.8421052631579,21.395881006865,32.0366132723112,32.0366132723112,25.858123569794,38.6727688787185,37.2997711670481,41.8764302059497,37.6430205949657,38.6727688787185,37.7574370709382,39.4736842105263,23.9130434782609,37.7574370709382,32.3798627002288,46.2242562929062,52.1739130434783,42.6773455377574,37.7574370709382,49.8855835240275,40.5034324942792,37.7574370709382,50.6864988558352,38.6727688787185,42.3340961098398,33.2951945080092,37.7574370709382
57.7803203661327,55.720823798627,21.0526315789474,24.5995423340961,10.4118993135011,15.3318077803204,19.3363844393593,17.7345537757437,18.1922196796339,16.1327231121281,13.1578947368421,18.4210526315789,28.0320366132723,30.091533180778,23.9130434782609,30.8924485125858,32.6086956521739,24.141876430206,32.6086956521739,25.4004576659039,35.0114416475973,37.1853546910755,30.2059496567506,32.3798627002288,37.4141876430206,42.2196796338673,45.4233409610984,38.6727688787185,50.8009153318078,37.5286041189931,35.2402745995423,46.1098398169336,32.2654462242563,34.6681922196796,40.7322654462243,44.279176201373,39.9313501144165,37.5286041189931,39.4736842105263,41.0755148741419,45.6521739130435,51.1441647597254,37.8718535469108,37.7574370709382,41.8764302059497,39.5881006864989,42.79176201373,41.304347826087,37.2997711670481
60.1830663615561,52.2883295194508,22.4256292906178,17.0480549199085,17.5057208237986,17.162471395881,17.5057208237986,24.141876430206,12.3569794050343,16.8192219679634,31.1212814645309,29.9771167048055,26.7734553775744,29.1762013729977,31.2356979405034,29.2906178489703,31.2356979405034,31.350114416476,31.5789473684211,31.8077803203661,45.5377574370709,31.2356979405034,37.1853546910755,38.558352402746,35.0114416475973,35.3546910755149,32.0366132723112,37.6430205949657,44.279176201373,37.9862700228833,46.3386727688787,37.7574370709382,37.7574370709382,29.9771167048055,37.4141876430206,37.4141876430206,37.5286041189931,37.8718535469108,41.0755148741419,37.8718535469108,37.8718535469108,37.8718535469108,51.0297482837529,36.3844393592677,37.9862700228833,36.7276887871854,37.8718535469108,37.9862700228833,37.6430205949657
59.0389016018307,57.7803203661327,15.5606407322654,52.1739130434783,10.5263157894737,17.162471395881,10.8695652173913,11.8993135011442,21.8535469107551,18.649885583524,19.7940503432494,32.837528604119,28.604118993135,47.9405034324943,33.0663615560641,34.5537757437071,31.0068649885584,49.8855835240275,30.091533180778,31.5789473684211,43.3638443935927,40.6178489702517,31.1212814645309,32.3798627002288,37.2997711670481,40.8466819221968,32.0366132723112,55.8352402745995,39.0160183066362,42.1052631578947,46.1098398169336,37.4141876430206,30.8924485125858,37.4141876430206,30.3203661327231,37.6430205949657,36.9565217391304,41.4187643020595,36.1556064073227,41.0755148741419,29.1762013729977,40.9610983981693,37.8718535469108,42.79176201373,37.8718535469108,41.0755148741419,31.0068649885584,37.2997711670481,51.6018306636156
53.5469107551487,56.2929061784897,14.187643020595,21.6247139588101,10.5263157894737,10.5263157894737,17.7345537757437,15.675057208238,18.0778032036613,28.1464530892449,23.9130434782609,30.7780320366133,30.2059496567506,28.9473684210526,31.350114416476,38.9016018306636,29.2906178489703,31.8077803203661,32.0366132723112,35.812356979405,32.2654462242563,32.1510297482838,45.766590389016,32.3798627002288,32.3798627002288,31.6933638443936,41.9908466819222,46.1098398169336,37.6430205949657,39.3592677345538,40.3890160183066,30.8924485125858,36.2700228832952,42.79176201373,37.5286041189931,54.6910755148741,44.6224256292906,36.4988558352403,36.4988558352403,39.4736842105263,37.8718535469108,54.3478260869565,27.4599542334096,37.9862700228833,39.8169336384439,37.9862700228833,44.3935926773455,37.9862700228833,39.4736842105263
60.0686498855835,54.6910755148741,24.141876430206,22.1967963386728,10.5263157894737,20.7093821510297,15.5606407322654,20.0228832951945,27.9176201372998,32.1510297482838,34.4393592677346,30.7780320366133,40.3890160183066,31.350114416476,29.1762013729977,44.8512585812357,32.6086956521739,29.5194508009153,35.1258581235698,32.1510297482838,33.2951945080092,40.2745995423341,44.279176201373,33.1807780320366,39.8169336384439,44.3935926773455,51.7162471395881,35.9267734553776,37.4141876430206,37.6430205949657,44.3935926773455,32.3798627002288,37.5286041189931,37.7574370709382,39.7025171624714,29.8627002288329,36.2700228832952,36.9565217391304,35.58352402746,36.6132723112128,37.8718535469108,39.8169336384439,39.9313501144165,41.533180778032,36.2700228832952,41.0755148741419,37.9862700228833,37.6430205949657,37.9862700228833
54.9199084668192,54.6910755148741,15.675057208238,23.7986270022883,17.3913043478261,10.5263157894737,15.675057208238,51.2585812356979,33.5240274599542,28.3752860411899,44.5080091533181,30.7780320366133,41.304347826087,50,44.7368421052632,31.5789473684211,31.5789473684211,36.3844393592677,32.1510297482838,35.58352402746,45.6521739130435,35.4691075514874,43.4782608695652,36.8421052631579,52.5171624713959,50.2288329519451,26.3157894736842,32.4942791762014,37.6430205949657,38.558352402746,42.5629290617849,42.5629290617849,30.5491990846682,36.0411899313501,44.3935926773455,41.4187643020595,44.0503432494279,37.9862700228833,44.5080091533181,39.4736842105263,37.9862700228833,38.1006864988558,42.9061784897025,38.1006864988558,41.533180778032,39.5881006864989,36.8421052631579,41.0755148741419,37.6430205949657
62.0137299771167,57.3226544622426,28.2608695652174,16.3615560640732,10.5263157894737,35.6979405034325,10.9839816933638,33.2951945080092,26.4302059496567,30.2059496567506,42.6773455377574,36.1556064073227,36.7276887871854,32.9519450800915,31.5789473684211,31.6933638443936,50.2288329519451,45.3089244851259,43.5926773455378,40.1601830663616,40.045766590389,32.3798627002288,40.5034324942792,33.0663615560641,42.4485125858124,39.8169336384439,35.4691075514874,40.5034324942792,35.58352402746,37.6430205949657,37.8718535469108,41.304347826087,46.1098398169336,40.9610983981693,44.3935926773455,39.0160183066362,44.3935926773455,37.7574370709382,39.5881006864989,34.0961098398169,38.4439359267735,37.7574370709382,42.79176201373,51.8306636155606,41.0755148741419,38.4439359267735,41.304347826087,38.1006864988558,45.8810068649886
54.1189931350114,55.9496567505721,21.0526315789474,22.0823798627002,10.5263157894737,10.6407322654462,18.1922196796339,31.8077803203661,24.370709382151,38.9016018306636,33.7528604118993,33.8672768878719,42.6773455377574,36.8421052631579,37.9862700228833,43.1350114416476,34.4393592677346,32.4942791762014,35.58352402746,35.58352402746,44.7368421052632,32.2654462242563,37.1853546910755,39.9313501144165,34.7826086956522,32.1510297482838,34.6681922196796,42.5629290617849,49.3135011441648,50.9153318077803,38.6727688787185,37.6430205949657,35.58352402746,36.6132723112128,41.304347826087,42.5629290617849,40.8466819221968,40.5034324942792,37.1853546910755,35.4691075514874,36.7276887871854,41.533180778032,32.9519450800915,38.1006864988558,41.533180778032,44.5080091533181,41.4187643020595,40.9610983981693,36.0411899313501
59.8398169336384,56.7505720823799,28.0320366132723,16.3615560640732,17.9633867276888,10.7551487414188,17.8489702517162,24.0274599542334,42.3340961098398,42.3340961098398,30.7780320366133,34.324942791762,44.279176201373,42.6773455377574,44.7368421052632,32.2654462242563,32.2654462242563,23.9130434782609,34.8970251716247,32.1510297482838,32.1510297482838,36.9565217391304,45.766590389016,37.070938215103,37.6430205949657,35.58352402746,39.5881006864989,35.58352402746,40.6178489702517,37.2997711670481,39.2448512585812,44.5080091533181,37.6430205949657,37.4141876430206,32.1510297482838,30.2059496567506,41.533180778032,31.1212814645309,53.2036613272311,41.0755148741419,52.0594965675057,37.6430205949657,54.1189931350114,53.8901601830664,37.7574370709382,45.9954233409611,38.1006864988558,37.7574370709382,42.5629290617849
57.5514874141876,54.4622425629291,21.2814645308924,14.187643020595,17.6201372997712,10.7551487414188,33.2951945080092,29.7482837528604,24.0274599542334,35.3546910755149,34.5537757437071,44.6224256292906,48.2837528604119,31.5789473684211,33.0663615560641,44.8512585812357,39.8169336384439,37.5286041189931,29.8627002288329,35.58352402746,32.2654462242563,43.3638443935927,44.9656750572082,31.1212814645309,38.6727688787185,37.070938215103,36.1556064073227,40.2745995423341,32.4942791762014,45.3089244851259,50.4576659038902,38.9016018306636,32.837528604119,42.4485125858124,51.1441647597254,41.304347826087,54.5766590389016,43.8215102974828,43.0205949656751,38.7871853546911,53.2036613272311,41.0755148741419,38.1006864988558,41.4187643020595,41.6475972540046,41.8764302059497,36.8421052631579,37.070938215103,38.1006864988558
56.9794050343249,55.720823798627,45.9954233409611,20.7093821510297,13.1578947368421,13.7299771167048,41.4187643020595,42.5629290617849,30.3203661327231,31.2356979405034,29.2906178489703,40.3890160183066,34.4393592677346,35.2402745995423,30.6636155606407,30.8924485125858,40.9610983981693,43.4782608695652,35.2402745995423,41.0755148741419,35.812356979405,48.8558352402746,37.070938215103,53.0892448512586,41.1899313501144,37.7574370709382,32.2654462242563,42.6773455377574,37.6430205949657,41.9908466819222,41.0755148741419,42.5629290617849,38.2151029748284,44.7368421052632,40.8466819221968,42.9061784897025,36.9565217391304,36.4988558352403,42.79176201373,41.6475972540046,41.6475972540046,37.6430205949657,40.3890160183066,38.1006864988558,41.0755148741419,41.304347826087,38.1006864988558,41.7620137299771,41.1899313501144
53.5469107551487,54.6910755148741,16.0183066361556,19.2219679633867,17.6201372997712,18.7643020594966,33.6384439359268,30.091533180778,49.7711670480549,44.3935926773455,30.8924485125858,30.8924485125858,35.0114416475973,35.3546910755149,35.6979405034325,29.5194508009153,29.9771167048055,36.9565217391304,40.8466819221968,36.0411899313501,37.4141876430206,50,36.9565217391304,34.8970251716247,37.070938215103,40.8466819221968,37.4141876430206,37.8718535469108,55.720823798627,50.8009153318078,50.8009153318078,43.3638443935927,37.9862700228833,36.2700228832952,46.4530892448513,55.6064073226545,37.8718535469108,44.6224256292906,30.7780320366133,37.070938215103,38.558352402746,38.1006864988558,44.6224256292906,37.9862700228833,40.8466819221968,38.4439359267735,41.0755148741419,39.0160183066362,38.2151029748284
58.695652173913,56.7505720823799,16.9336384439359,34.6681922196796,27.116704805492,42.79176201373,51.1441647597254,34.0961098398169,50.8009153318078,28.9473684210526,26.6590389016018,48.2837528604119,42.79176201373,30.6636155606407,36.0411899313501,32.1510297482838,45.3089244851259,40.5034324942792,35.6979405034325,36.0411899313501,35.812356979405,43.8215102974828,40.8466819221968,50.2288329519451,37.6430205949657,45.9954233409611,27.8032036613272,40.3890160183066,42.6773455377574,37.8718535469108,39.9313501144165,38.1006864988558,41.7620137299771,54.6910755148741,39.8169336384439,37.9862700228833,42.79176201373,39.2448512585812,35.9267734553776,37.9862700228833,45.9954233409611,38.1006864988558,38.1006864988558,37.6430205949657,39.4736842105263,48.8558352402746,39.4736842105263,50.4576659038902,39.5881006864989
58.8100686498856,53.7757437070938,16.2471395881007,16.2471395881007,17.3913043478261,23.1121281464531,42.5629290617849,33.0663615560641,29.1762013729977,42.3340961098398,48.3981693363844,35.0114416475973,36.3844393592677,32.1510297482838,32.1510297482838,34.4393592677346,35.6979405034325,33.0663615560641,41.9908466819222,30.7780320366133,36.6132723112128,32.3798627002288,40.8466819221968,43.4782608695652,41.304347826087,32.4942791762014,49.1990846681922,35.6979405034325,43.4782608695652,33.0663615560641,46.6819221967963,46.1098398169336,36.1556064073227,34.0961098398169,42.9061784897025,35.812356979405,40.3890160183066,54.233409610984,37.8718535469108,45.9954233409611,41.304347826087,35.6979405034325,38.1006864988558,37.7574370709382,38.1006864988558,40.1601830663616,42.79176201373,38.2151029748284,38.1006864988558
59.6109839816934,52.0594965675057,16.2471395881007,27.6887871853547,13.0434782608696,24.2562929061785,37.070938215103,29.9771167048055,27.116704805492,30.6636155606407,36.4988558352403,48.8558352402746,53.7757437070938,32.1510297482838,32.837528604119,48.8558352402746,35.6979405034325,32.4942791762014,35.2402745995423,37.7574370709382,34.4393592677346,35.812356979405,30.6636155606407,44.9656750572082,35.58352402746,46.1098398169336,41.0755148741419,40.7322654462243,44.6224256292906,37.9862700228833,37.8718535469108,25.858123569794,50.8009153318078,43.5926773455378,37.9862700228833,46.1098398169336,43.5926773455378,37.9862700228833,41.0755148741419,39.9313501144165,37.8718535469108,46.2242562929062,37.8718535469108,39.0160183066362,41.0755148741419,42.6773455377574,38.2151029748284,50.6864988558352,41.533180778032
56.7505720823799,56.7505720823799,21.0526315789474,25.1716247139588,12.929061784897,31.4645308924485,28.4897025171625,28.3752860411899,34.2105263157895,30.7780320366133,31.6933638443936,32.0366132723112,30.5491990846682,35.6979405034325,32.1510297482838,33.0663615560641,33.0663615560641,32.4942791762014,36.0411899313501,31.0068649885584,40.2745995423341,53.6613272311213,32.7231121281465,35.9267734553776,41.1899313501144,42.6773455377574,44.7368421052632,41.1899313501144,52.974828375286,32.4942791762014,35.6979405034325,32.1510297482838,42.4485125858124,42.6773455377574,37.9862700228833,37.9862700228833,41.0755148741419,38.1006864988558,43.4782608695652,38.2151029748284,40.2745995423341,35.812356979405,39.9313501144165,38.1006864988558,41.304347826087,40.1601830663616,36.7276887871854,41.6475972540046,38.4439359267735
55.3775743707094,55.6064073226545,22.0823798627002,30.091533180778,27.3455377574371,31.5789473684211,31.2356979405034,30.2059496567506,28.8329519450801,44.5080091533181,35.3546910755149,32.1510297482838,32.2654462242563,42.9061784897025,32.1510297482838,43.3638443935927,32.2654462242563,37.4141876430206,48.1693363844394,43.3638443935927,44.9656750572082,31.5789473684211,43.8215102974828,37.8718535469108,50.8009153318078,55.6064073226545,35.812356979405,41.7620137299771,32.2654462242563,42.79176201373,37.9862700228833,44.7368421052632,40.8466819221968,35.4691075514874,37.9862700228833,32.9519450800915,55.4919908466819,42.79176201373,34.8970251716247,32.2654462242563,41.533180778032,37.8718535469108,50,40.1601830663616,42.6773455377574,38.1006864988558,38.1006864988558,44.7368421052632,37.9862700228833
59.0389016018307,56.0640732265446,23.2265446224256,53.4324942791762,13.3867276887872,30.5491990846682,37.2997711670481,31.0068649885584,38.2151029748284,29.9771167048055,37.070938215103,40.7322654462243,32.2654462242563,34.2105263157895,36.6132723112128,48.8558352402746,33.0663615560641,32.4942791762014,37.1853546910755,53.0892448512586,40.8466819221968,44.9656750572082,35.9267734553776,30.7780320366133,45.4233409610984,32.6086956521739,32.2654462242563,37.7574370709382,35.3546910755149,39.5881006864989,43.4782608695652,37.9862700228833,39.1304347826087,42.3340961098398,52.2883295194508,51.0297482837529,39.1304347826087,43.8215102974828,39.1304347826087,32.2654462242563,55.8352402745995,35.9267734553776,43.5926773455378,42.5629290617849,41.6475972540046,38.2151029748284,48.9702517162471,41.304347826087,41.1899313501144
58.3524027459954,57.0938215102975,30.3203661327231,22.883295194508,24.141876430206,27.116704805492,29.1762013729977,20.9382151029748,28.0320366132723,37.2997711670481,30.2059496567506,31.350114416476,33.0663615560641,36.4988558352403,31.0068649885584,32.2654462242563,37.9862700228833,33.0663615560641,35.9267734553776,34.4393592677346,40.8466819221968,32.4942791762014,35.3546910755149,37.2997711670481,44.8512585812357,37.6430205949657,52.974828375286,35.9267734553776,43.4782608695652,39.1304347826087,41.6475972540046,38.1006864988558,38.1006864988558,44.1647597254005,36.4988558352403,36.1556064073227,35.6979405034325,44.6224256292906,54.4622425629291,36.7276887871854,39.4736842105263,37.9862700228833,49.5423340961098,41.6475972540046,40.8466819221968,44.7368421052632,50.5720823798627,40.1601830663616,38.558352402746
62.5858123569794,53.8901601830664,23.2265446224256,27.6887871853547,13.3867276887872,26.3157894736842,29.9771167048055,30.4347826086957,29.4050343249428,35.6979405034325,36.2700228832952,36.6132723112128,48.8558352402746,36.4988558352403,34.0961098398169,35.58352402746,37.7574370709382,37.2997711670481,35.812356979405,43.7070938215103,37.6430205949657,53.0892448512586,35.6979405034325,48.8558352402746,40.8466819221968,32.3798627002288,32.4942791762014,38.1006864988558,37.6430205949657,54.0045766590389,53.6613272311213,42.5629290617849,34.7826086956522,35.812356979405,33.0663615560641,41.6475972540046,40.3890160183066,38.1006864988558,43.5926773455378,42.4485125858124,51.1441647597254,32.7231121281465,42.2196796338673,43.5926773455378,38.3295194508009,39.9313501144165,51.1441647597254,38.2151029748284,37.9862700228833
56.4073226544622,53.2036613272311,28.0320366132723,48.3981693363844,23.3409610983982,28.2608695652174,33.8672768878719,31.0068649885584,36.6132723112128,35.9267734553776,43.3638443935927,48.7414187643021,29.7482837528604,38.6727688787185,39.7025171624714,43.7070938215103,33.0663615560641,48.512585812357,32.3798627002288,32.6086956521739,32.837528604119,32.4942791762014,42.5629290617849,43.8215102974828,41.8764302059497,37.1853546910755,40.7322654462243,40.1601830663616,50.9153318077803,38.1006864988558,42.79176201373,37.9862700228833,41.6475972540046,50.6864988558352,41.533180778032,37.9862700228833,46.4530892448513,42.6773455377574,33.2951945080092,41.0755148741419,41.533180778032,39.2448512585812,38.2151029748284,33.9816933638444,37.9862700228833,37.9862700228833,32.7231121281465,38.3295194508009,54.8054919908467
59.1533180778032,52.1739130434783,47.5972540045767,24.8283752860412,23.1121281464531,19.3363844393593,29.9771167048055,25.1716247139588,30.5491990846682,41.4187643020595,45.3089244851259,44.8512585812357,36.9565217391304,45.3089244851259,40.9610983981693,34.0961098398169,29.8627002288329,32.1510297482838,35.812356979405,43.8215102974828,32.6086956521739,42.9061784897025,36.0411899313501,35.9267734553776,52.1739130434783,36.1556064073227,38.3295194508009,36.1556064073227,36.4988558352403,38.1006864988558,38.3295194508009,38.3295194508009,41.4187643020595,38.2151029748284,55.9496567505721,37.1853546910755,50.9153318077803,38.2151029748284,41.9908466819222,42.9061784897025,42.9061784897025,38.1006864988558,36.3844393592677,37.9862700228833,41.533180778032,40.5034324942792,37.7574370709382,41.0755148741419,39.1304347826087
54.5766590389016,55.720823798627,35.3546910755149,50.9153318077803,18.8787185354691,33.2951945080092,41.0755148741419,45.0800915331808,37.1853546910755,36.6132723112128,39.3592677345538,36.9565217391304,31.350114416476,37.5286041189931,34.0961098398169,43.4782608695652,37.6430205949657,37.070938215103,37.2997711670481,50.4576659038902,38.6727688787185,32.6086956521739,45.5377574370709,36.0411899313501,36.0411899313501,36.1556064073227,32.6086956521739,42.9061784897025,32.4942791762014,38.1006864988558,41.4187643020595,38.2151029748284,38.1006864988558,40.045766590389,43.8215102974828,38.3295194508009,41.304347826087,41.8764302059497,36.2700228832952,38.3295194508009,44.9656750572082,45.9954233409611,41.4187643020595,44.8512585812357,54.8054919908467,35.4691075514874,51.3729977116705,39.8169336384439,30.3203661327231
59.6109839816934,55.720823798627,27.9176201372998,22.3112128146453,14.0732265446224,33.6384439359268,27.6887871853547,35.6979405034325,31.0068649885584,30.8924485125858,32.4942791762014,39.5881006864989,29.6338672768879,34.6681922196796,42.5629290617849,36.9565217391304,37.070938215103,30.8924485125858,35.9267734553776,35.58352402746,33.9816933638444,36.7276887871854,45.5377574370709,45.5377574370709,27.0022883295195,37.1853546910755,32.4942791762014,44.7368421052632,37.2997711670481,55.2631578947368,32.2654462242563,38.9016018306636,39.3592677345538,42.9061784897025,38.3295194508009,37.2997711670481,42.6773455377574,41.0755148741419,40.1601830663616,56.6361556064073,41.9908466819222,40.045766590389,39.0160183066362,45.1945080091533,42.5629290617849,36.1556064073227,46.2242562929062,42.79176201373,40.045766590389
58.1235697940503,57.0938215102975,22.4256292906178,30.3203661327231,18.649885583524,20.4805491990847,31.0068649885584,38.558352402746,32.837528604119,40.7322654462243,31.6933638443936,40.045766590389,34.324942791762,37.6430205949657,39.0160183066362,46.6819221967963,39.5881006864989,38.2151029748284,30.2059496567506,37.5286041189931,38.558352402746,35.9267734553776,34.2105263157895,35.9267734553776,35.3546910755149,36.1556064073227,43.8215102974828,49.5423340961098,41.6475972540046,38.1006864988558,32.837528604119,41.8764302059497,41.0755148741419,45.1945080091533,52.5171624713959,38.2151029748284,51.1441647597254,36.1556064073227,41.533180778032,38.2151029748284,41.304347826087,38.3295194508009,43.4782608695652,36.0411899313501,38.3295194508009,41.1899313501144,37.7574370709382,41.533180778032,38.2151029748284
56.7505720823799,59.6109839816934,23.1121281464531,34.4393592677346,19.2219679633867,33.8672768878719,24.8283752860412,35.4691075514874,38.9016018306636,44.7368421052632,38.9016018306636,32.837528604119,45.6521739130435,45.1945080091533,42.9061784897025,37.4141876430206,34.4393592677346,46.7963386727689,33.4096109839817,45.5377574370709,50.2288329519451,35.3546910755149,30.8924485125858,37.2997711670481,36.8421052631579,37.4141876430206,55.6064073226545,32.6086956521739,32.4942791762014,37.9862700228833,39.3592677345538,34.5537757437071,44.1647597254005,51.1441647597254,39.4736842105263,43.0205949656751,38.3295194508009,36.1556064073227,41.7620137299771,41.7620137299771,45.1945080091533,38.3295194508009,38.4439359267735,42.2196796338673,38.3295194508009,54.4622425629291,39.0160183066362,41.533180778032,41.533180778032
53.6613272311213,53.4324942791762,32.3798627002288,43.9359267734554,15.675057208238,23.5697940503432,30.3203661327231,32.4942791762014,35.812356979405,33.1807780320366,36.1556064073227,30.8924485125858,39.5881006864989,36.1556064073227,40.9610983981693,41.0755148741419,34.2105263157895,38.558352402746,30.2059496567506,46.1098398169336,46.4530892448513,37.4141876430206,36.1556064073227,31.1212814645309,37.1853546910755,42.79176201373,36.1556064073227,32.3798627002288,48.9702517162471,43.0205949656751,45.766590389016,38.4439359267735,32.4942791762014,38.4439359267735,38.3295194508009,38.4439359267735,32.6086956521739,37.9862700228833,36.9565217391304,36.1556064073227,51.1441647597254,40.2745995423341,44.8512585812357,27.4599542334096,54.4622425629291,42.5629290617849,38.6727688787185,41.4187643020595,40.2745995423341
56.9794050343249,55.1487414187643,22.6544622425629,22.883295194508,30.4347826086957,29.4050343249428,21.1670480549199,32.4942791762014,51.8306636155606,38.7871853546911,39.2448512585812,43.3638443935927,34.0961098398169,29.1762013729977,44.9656750572082,50.1144164759725,41.4187643020595,38.1006864988558,37.4141876430206,34.6681922196796,45.9954233409611,40.7322654462243,37.2997711670481,32.6086956521739,33.5240274599542,32.6086956521739,36.2700228832952,40.1601830663616,37.2997711670481,36.3844393592677,37.8718535469108,41.6475972540046,38.4439359267735,36.2700228832952,38.3295194508009,38.4439359267735,39.4736842105263,36.8421052631579,38.3295194508009,38.3295194508009,53.2036613272311,40.2745995423341,37.5286041189931,35.2402745995423,38.3295194508009,40.045766590389,38.558352402746,37.5286041189931,32.9519450800915
58.466819221968,55.720823798627,27.9176201372998,32.3798627002288,28.1464530892449,27.116704805492,32.2654462242563,34.2105263157895,36.0411899313501,36.1556064073227,45.8810068649886,40.5034324942792,38.1006864988558,40.3890160183066,44.6224256292906,39.7025171624714,33.2951945080092,34.8970251716247,34.6681922196796,45.4233409610984,34.324942791762,45.5377574370709,38.3295194508009,26.8878718535469,38.1006864988558,38.2151029748284,41.8764302059497,36.0411899313501,32.9519450800915,41.9908466819222,36.8421052631579,41.6475972540046,34.7826086956522,40.7322654462243,42.2196796338673,36.1556064073227,45.5377574370709,32.6086956521739,36.1556064073227,40.045766590389,33.5240274599542,38.3295194508009,46.3386727688787,41.7620137299771,41.4187643020595,38.4439359267735,41.6475972540046,36.3844393592677,42.1052631578947
56.6361556064073,54.1189931350114,32.7231121281465,37.9862700228833,18.3066361556064,43.4782608695652,30.8924485125858,39.3592677345538,36.0411899313501,39.3592677345538,48.8558352402746,41.0755148741419,36.4988558352403,48.2837528604119,29.7482837528604,36.3844393592677,26.7734553775744,41.4187643020595,34.6681922196796,42.5629290617849,38.1006864988558,45.8810068649886,36.9565217391304,45.6521739130435,32.4942791762014,40.3890160183066,37.1853546910755,30.091533180778,32.1510297482838,35.3546910755149,37.7574370709382,41.304347826087,38.3295194508009,42.3340961098398,42.2196796338673,42.6773455377574,41.4187643020595,38.3295194508009,55.4919908466819,41.533180778032,35.9267734553776,42.2196796338673,38.4439359267735,41.7620137299771,41.6475972540046,37.8718535469108,36.4988558352403,41.8764302059497,44.1647597254005
60.8695652173913,52.6315789473684,17.6201372997712,32.3798627002288,18.649885583524,23.5697940503432,24.141876430206,21.7391304347826,34.5537757437071,41.8764302059497,34.6681922196796,34.6681922196796,40.045766590389,45.4233409610984,37.6430205949657,40.6178489702517,36.3844393592677,32.9519450800915,35.0114416475973,34.7826086956522,48.3981693363844,34.4393592677346,39.0160183066362,39.4736842105263,33.2951945080092,38.1006864988558,38.1006864988558,37.7574370709382,40.2745995423341,36.0411899313501,35.0114416475973,54.8054919908467,40.045766590389,40.045766590389,35.2402745995423,43.0205949656751,38.3295194508009,35.9267734553776,41.8764302059497,36.9565217391304,38.3295194508009,36.8421052631579,42.6773455377574,35.58352402746,38.3295194508009,38.4439359267735,38.4439359267735,38.4439359267735,45.3089244851259
54.9199084668192,56.8649885583524,56.0640732265446,23.5697940503432,26.3157894736842,31.4645308924485,38.2151029748284,35.9267734553776,35.0114416475973,34.5537757437071,30.8924485125858,29.7482837528604,50.1144164759725,40.045766590389,48.8558352402746,48.8558352402746,50.1144164759725,45.3089244851259,35.0114416475973,34.8970251716247,34.7826086956522,45.3089244851259,42.3340961098398,34.6681922196796,39.3592677345538,38.4439359267735,49.3135011441648,38.3295194508009,37.4141876430206,53.2036613272311,41.4187643020595,42.2196796338673,45.8810068649886,41.533180778032,40.6178489702517,40.2745995423341,40.045766590389,39.8169336384439,37.8718535469108,41.0755148741419,38.3295194508009,39.9313501144165,32.9519450800915,41.9908466819222,38.4439359267735,39.0160183066362,40.1601830663616,38.4439359267735,44.0503432494279
60.0686498855835,57.4370709382151,21.0526315789474,20.9382151029748,32.3798627002288,25.7437070938215,36.2700228832952,34.4393592677346,29.7482837528604,36.1556064073227,36.2700228832952,48.9702517162471,36.4988558352403,40.1601830663616,35.3546910755149,33.4096109839817,36.4988558352403,30.091533180778,43.8215102974828,39.0160183066362,42.6773455377574,33.0663615560641,33.9816933638444,45.4233409610984,45.3089244851259,37.7574370709382,43.0205949656751,43.8215102974828,43.9359267734554,44.0503432494279,48.7414187643021,38.3295194508009,36.0411899313501,45.5377574370709,38.558352402746,41.6475972540046,43.0205949656751,38.3295194508009,36.2700228832952,43.0205949656751,41.533180778032,45.3089244851259,38.4439359267735,38.3295194508009,41.533180778032,41.4187643020595,39.9313501144165,39.7025171624714,43.0205949656751
50.9153318077803,60.8695652173913,24.5995423340961,23.4553775743707,19.6796338672769,37.1853546910755,25.2860411899314,31.350114416476,29.2906178489703,32.3798627002288,40.3890160183066,41.304347826087,33.7528604118993,26.7734553775744,40.6178489702517,32.0366132723112,34.4393592677346,38.3295194508009,35.0114416475973,33.7528604118993,39.9313501144165,43.0205949656751,34.6681922196796,34.5537757437071,45.4233409610984,36.4988558352403,31.0068649885584,38.4439359267735,40.7322654462243,32.837528604119,37.9862700228833,41.4187643020595,41.0755148741419,51.2585812356979,37.1853546910755,38.3295194508009,40.1601830663616,43.0205949656751,49.1990846681922,41.7620137299771,38.558352402746,37.070938215103,38.558352402746,38.558352402746,52.974828375286,43.2494279176201,44.1647597254005,37.6430205949657,39.7025171624714
56.2929061784897,53.3180778032037,19.7940503432494,25.629290617849,19.4508009153318,23.4553775743707,31.4645308924485,39.4736842105263,43.3638443935927,36.2700228832952,44.5080091533181,49.8855835240275,40.2745995423341,35.6979405034325,30.091533180778,42.6773455377574,36.7276887871854,32.837528604119,42.9061784897025,42.9061784897025,45.766590389016,38.3295194508009,37.9862700228833,34.7826086956522,38.9016018306636,43.0205949656751,33.2951945080092,34.6681922196796,37.6430205949657,50.9153318077803,44.1647597254005,43.0205949656751,41.1899313501144,43.7070938215103,50.8009153318078,36.6132723112128,43.2494279176201,42.79176201373,38.9016018306636,38.2151029748284,54.4622425629291,40.5034324942792,38.6727688787185,45.3089244851259,41.533180778032,39.4736842105263,46.5675057208238,37.4141876430206,42.4485125858124
54.4622425629291,53.7757437070938,24.370709382151,48.7414187643021,24.141876430206,19.3363844393593,35.1258581235698,36.2700228832952,29.2906178489703,33.1807780320366,35.6979405034325,52.4027459954233,40.5034324942792,34.0961098398169,36.7276887871854,35.58352402746,38.4439359267735,36.8421052631579,42.9061784897025,38.3295194508009,35.2402745995423,37.9862700228833,30.7780320366133,47.254004576659,38.6727688787185,34.324942791762,34.5537757437071,34.5537757437071,51.487414187643,37.9862700228833,37.8718535469108,34.5537757437071,38.558352402746,39.2448512585812,45.4233409610984,45.766590389016,36.7276887871854,38.4439359267735,37.4141876430206,43.0205949656751,41.9908466819222,33.0663615560641,38.558352402746,42.6773455377574,41.6475972540046,40.5034324942792,42.2196796338673,43.7070938215103,43.7070938215103
59.4965675057208,57.3226544622426,35.3546910755149,29.1762013729977,18.649885583524,23.5697940503432,31.6933638443936,38.7871853546911,36.3844393592677,39.2448512585812,43.4782608695652,36.9565217391304,42.1052631578947,49.1990846681922,40.6178489702517,33.0663615560641,45.1945080091533,39.9313501144165,27.2311212814645,39.4736842105263,35.2402745995423,38.3295194508009,45.6521739130435,34.8970251716247,38.2151029748284,42.5629290617849,38.7871853546911,40.2745995423341,41.4187643020595,38.6727688787185,39.7025171624714,38.7871853546911,39.8169336384439,32.6086956521739,41.6475972540046,43.1350114416476,38.4439359267735,51.0297482837529,38.2151029748284,44.8512585812357,48.512585812357,42.9061784897025,51.6018306636156,42.9061784897025,33.1807780320366,51.1441647597254,42.9061784897025,40.045766590389,38.6727688787185
60.7551487414188,57.20823798627,25.2860411899314,53.0892448512586,18.649885583524,35.4691075514874,35.9267734553776,39.8169336384439,39.8169336384439,36.4988558352403,39.9313501144165,39.8169336384439,31.1212814645309,40.5034324942792,40.5034324942792,31.1212814645309,49.0846681922197,29.7482837528604,44.1647597254005,49.1990846681922,38.1006864988558,34.8970251716247,37.9862700228833,44.1647597254005,45.0800915331808,31.2356979405034,38.9016018306636,39.1304347826087,34.7826086956522,38.3295194508009,34.8970251716247,56.6361556064073,38.558352402746,39.9313501144165,34.2105263157895,37.9862700228833,43.9359267734554,37.8718535469108,39.5881006864989,51.3729977116705,39.8169336384439,41.533180778032,43.2494279176201,37.9862700228833,54.6910755148741,41.4187643020595,39.8169336384439,47.254004576659,34.4393592677346
57.5514874141876,58.5812356979405,25.0572082379863,28.2608695652174,28.7185354691076,20.0228832951945,47.4828375286041,36.3844393592677,42.6773455377574,40.2745995423341,40.9610983981693,40.3890160183066,33.0663615560641,31.1212814645309,34.6681922196796,39.5881006864989,36.0411899313501,44.1647597254005,45.4233409610984,35.1258581235698,38.1006864988558,46.2242562929062,45.766590389016,45.6521739130435,34.8970251716247,39.4736842105263,38.558352402746,42.4485125858124,38.558352402746,36.2700228832952,34.324942791762,38.7871853546911,44.0503432494279,54.4622425629291,36.4988558352403,29.5194508009153,40.5034324942792,42.2196796338673,42.6773455377574,47.4828375286041,41.0755148741419,43.8215102974828,41.6475972540046,36.8421052631579,39.9313501144165,41.304347826087,48.9702517162471,42.1052631578947,38.3295194508009
59.7254004576659,52.745995423341,39.5881006864989,48.7414187643021,18.649885583524,31.2356979405034,39.2448512585812,29.7482837528604,44.279176201373,36.7276887871854,37.070938215103,41.304347826087,37.070938215103,36.7276887871854,45.766590389016,42.2196796338673,53.5469107551487,37.070938215103,38.558352402746,40.6178489702517,48.7414187643021,35.4691075514874,35.2402745995423,35.2402745995423,38.3295194508009,38.558352402746,39.1304347826087,39.3592677345538,42.1052631578947,33.9816933638444,39.7025171624714,40.5034324942792,36.1556064073227,38.6727688787185,43.1350114416476,40.5034324942792,38.2151029748284,37.7574370709382,41.304347826087,42.5629290617849,38.4439359267735,42.79176201373,39.0160183066362,40.1601830663616,41.533180778032,30.8924485125858,35.3546910755149,51.6018306636156,50.9153318077803
60.5263157894737,55.2631578947368,22.7688787185355,30.091533180778,28.7185354691076,40.6178489702517,35.58352402746,41.0755148741419,50,48.8558352402746,45.3089244851259,33.4096109839817,40.6178489702517,44.5080091533181,30.091533180778,31.0068649885584,35.2402745995423,38.3295194508009,35.1258581235698,30.4347826086957,40.3890160183066,31.2356979405034,30.3203661327231,35.1258581235698,35.2402745995423,35.1258581235698,33.2951945080092,45.3089244851259,40.5034324942792,44.6224256292906,38.7871853546911,38.3295194508009,40.5034324942792,40.045766590389,40.5034324942792,44.0503432494279,46.3386727688787,38.2151029748284,43.5926773455378,30.6636155606407,43.3638443935927,55.2631578947368,45.8810068649886,53.8901601830664,40.2745995423341,40.3890160183066,55.3775743707094,44.0503432494279,39.8169336384439
58.3524027459954,53.7757437070938,31.8077803203661,38.6727688787185,19.6796338672769,20.3661327231121,35.58352402746,48.9702517162471,40.045766590389,36.7276887871854,40.9610983981693,39.3592677345538,30.4347826086957,33.2951945080092,37.5286041189931,37.1853546910755,37.4141876430206,41.7620137299771,37.070938215103,45.766590389016,39.7025171624714,46.4530892448513,35.1258581235698,40.5034324942792,48.8558352402746,38.4439359267735,42.4485125858124,38.4439359267735,41.0755148741419,35.1258581235698,39.3592677345538,37.7574370709382,40.3890160183066,53.4324942791762,46.6819221967963,39.1304347826087,42.5629290617849,38.4439359267735,40.5034324942792,39.5881006864989,39.1304347826087,40.5034324942792,40.2745995423341,49.8855835240275,43.9359267734554,44.5080091533181,42.4485125858124,40.1601830663616,41.9908466819222
55.2631578947368,55.4919908466819,48.9702517162471,24.9427917620137,44.0503432494279,31.9221967963387,36.6132723112128,39.9313501144165,42.9061784897025,37.070938215103,44.7368421052632,37.1853546910755,41.4187643020595,36.6132723112128,37.5286041189931,45.6521739130435,41.7620137299771,41.4187643020595,40.8466819221968,38.9016018306636,30.3203661327231,46.4530892448513,37.9862700228833,27.3455377574371,38.3295194508009,48.8558352402746,38.9016018306636,40.2745995423341,41.4187643020595,40.5034324942792,34.7826086956522,39.0160183066362,40.6178489702517,43.4782608695652,36.2700228832952,35.1258581235698,45.6521739130435,36.3844393592677,37.4141876430206,40.6178489702517,47.254004576659,40.6178489702517,41.8764302059497,36.3844393592677,40.6178489702517,30.8924485125858,55.2631578947368,44.0503432494279,53.4324942791762
57.7803203661327,55.9496567505721,22.6544622425629,46.3386727688787,24.370709382151,24.7139588100687,27.2311212814645,31.4645308924485,37.1853546910755,37.7574370709382,45.5377574370709,42.2196796338673,45.9954233409611,45.766590389016,45.766590389016,45.6521739130435,48.8558352402746,45.4233409610984,45.766590389016,41.9908466819222,38.1006864988558,49.7711670480549,40.5034324942792,49.1990846681922,43.0205949656751,40.1601830663616,53.0892448512586,35.2402745995423,55.8352402745995,38.7871853546911,43.9359267734554,48.2837528604119,51.1441647597254,37.9862700228833,41.8764302059497,35.2402745995423,36.1556064073227,42.3340961098398,51.487414187643,43.4782608695652,43.4782608695652,45.8810068649886,36.4988558352403,43.7070938215103,40.6178489702517,39.3592677345538,43.2494279176201,48.3981693363844,43.9359267734554
